Subject: Education, Language Spoken and Literacy;;;;;;;;;;;;;;;;;;;;;;;;;;;;;
Topic  : Highest Qualification Attained;;;;;;;;;;;;;;;;;;;;;;;;;;;;;
Title   : M850581 - Singapore Residents Aged 25 Years & Over By Highest Qualification Attained, Sex And Age Group, Annual;;;;;;;;;;;;;;;;;;;;;;;;;;;;;
;;;;;;;;;;;;;;;;;;;;;;;;;;;;;
;;;;;;;;;;;;;;;;;;;;;;;;;;;;;Number
Variables;1990;1991;1992;1993;1994;1995;1996;1997;1998;1999;2000;2001;2002;2003;2004;2005;2006;2007;2008;2009;2010;2011;2012;2013;2014;2015;2016;2017;2018
Total;1 622 300;1 679 300;1 730 600;1 768 400;1 816 800;1 860 900;1 916 400;1 969 700;2 020 800;2 067 300;2 074 000;2 126 900;2 198 900;2 263 000;2 282 400;2 308 500;2 408 600;2 448 400;2 441 300;2 523 000;2 576 000;2 601 900;2 626 400;2 669 100;2 732 600;2 750 900;2 795 200;2 846 000;2 877 000
25 - 29 Years;281 500;272 100;271 400;255 300;256 100;239 900;240 700;248 300;242 200;251 500;250 500;242 800;233 400;232 400;230 000;235 700;231 200;231 800;228 000;237 800;249 400;230 900;223 200;223 700;231 700;232 800;253 000;242 300;251 800
30 - 34 Years;292 700;288 300;292 200;283 400;291 000;292 400;298 200;293 000;290 000;293 400;279 500;278 000;281 000;287 200;281 700;288 000;282 000;288 000;272 900;280 200;289 300;280 100;271 700;274 600;276 900;269 900;268 200;262 300;263 800
35 - 39 Years;252 600;259 900;266 700;278 300;291 500;301 200;305 800;303 400;307 700;309 900;310 700;318 800;320 100;308 500;292 400;302 800;298 600;304 300;307 900;312 900;317 300;306 900;302 300;297 500;287 900;300 200;288 900;305 700;303 400
40 - 44 Years;203 900;226 500;232 100;248 900;248 300;264 400;278 700;286 200;299 600;300 300;304 500;311 700;313 900;314 800;322 400;319 400;321 800;317 600;314 400;311 900;303 500;302 300;310 800;310 300;305 100;315 300;304 000;320 000;313 100
45 - 49 Years;127 500;137 700;155 100;175 700;190 400;211 300;233 900;244 500;252 200;251 800;256 800;267 900;281 500;293 800;303 000;300 300;322 600;324 300;316 000;319 000;319 600;321 700;319 200;315 100;298 600;301 500;301 100;313 700;313 200
50 - 54 Years;117 500;136 300;145 000;141 900;142 200;132 800;130 900;154 900;171 400;186 100;204 900;223 400;235 100;243 300;250 500;256 800;276 000;284 900;290 000;298 400;303 600;309 600;313 200;318 900;318 300;319 400;321 700;307 800;316 600
55 - 59 Years;99 800;107 200;108 300;113 700;118 900;121 700;127 800;133 000;132 100;131 900;125 000;121 000;150 100;170 500;190 300;201 200;224 000;229 700;228 100;233 300;252 800;267 400;272 100;280 200;296 400;296 700;299 500;285 000;299 000
60 - 64 Years;82 800;89 600;93 200;95 100;96 000;97 200;95 600;99 100;102 000;113 400;110 700;121 600;127 700;132 400;127 900;120 000;130 800;144 000;160 300;182 100;196 400;209 400;219 700;229 400;246 200;248 200;261 400;261 700;274 800
65 Years & Over;164 100;161 700;166 600;176 100;182 500;200 000;204 600;207 300;223 700;229 000;231 300;241 900;256 100;280 100;284 100;284 300;321 500;323 600;323 700;347 400;344 100;373 700;394 100;419 500;471 500;467 000;497 300;547 500;541 400
Total - Below Secondary;1 027 100;1 026 200;1 028 300;1 034 000;1 030 300;976 800;1 019 300;1 041 700;1 023 500;1 027 900;939 600;997 200;1 004 900;1 015 900;1 004 900;937 600;993 700;987 500;899 000;928 600;888 200;869 800;848 200;833 300;832 100;800 000;819 300;813 800;761 500
25 - 29 Years;111 500;104 800;97 400;86 600;77 300;56 400;50 700;49 400;46 900;43 100;35 600;33 200;28 900;25 300;24 800;21 000;19 800;20 800;15 200;15 500;12 000;12 600;9 800;10 000;10 000;9 400;9 500;7 600;8 700
30 - 34 Years;138 200;125 900;120 100;116 200;113 100;100 700;104 800;96 400;85 600;79 600;61 700;54 600;47 600;46 800;46 300;38 200;36 400;33 200;25 400;24 800;20 800;19 400;16 400;13 900;14 000;13 400;12 500;11 100;10 700
35 - 39 Years;140 400;138 600;136 900;138 300;136 100;124 700;130 300;124 900;113 800;115 400;102 200;110 700;100 300;86 600;72 000;65 400;56 300;53 700;43 900;46 400;38 200;31 900;30 500;27 200;21 300;20 000;20 500;18 700;17 000
40 - 44 Years;129 400;134 800;132 600;136 600;136 500;128 500;142 000;146 700;140 000;140 300;124 700;132 200;124 000;122 500;121 800;104 900;108 000;97 000;82 300;75 900;63 800;52 000;46 100;42 600;39 700;35 800;32 400;32 400;28 200
45 - 49 Years;93 700;97 200;105 100;114 800;119 800;121 200;139 300;140 800;137 300;135 500;124 900;139 500;140 600;141 200;139 100;126 400;136 400;129 600;113 100;112 600;105 500;97 000;87 200;78 800;62 300;59 400;55 100;47 600;43 300
50 - 54 Years;95 100;104 900;110 100;105 200;104 600;90 400;89 700;106 300;109 800;118 000;117 800;130 300;137 500;140 400;140 100;130 300;143 100;147 500;133 600;134 800;127 900;119 200;115 700;109 500;102 300;99 700;101 800;90 700;82 200
55 - 59 Years;88 300;90 800;89 900;92 800;95 000;91 700;96 400;102 500;101 000;96 900;85 600;84 100;100 900;110 200;120 700;122 000;132 400;135 600;122 200;122 800;128 600;129 300;125 000;121 900;124 900;118 900;116 400;106 100;100 400
60 - 64 Years;76 500;80 200;82 800;82 500;83 000;82 700;80 800;84 900;84 200;92 200;84 400;96 400;98 800;98 900;95 600;85 300;91 300;97 600;102 600;116 000;117 500;120 400;119 200;119 300;122 800;118 200;128 600;126 800;124 600
65 Years & Over;154 100;149 200;153 600;161 100;164 700;180 500;185 400;189 800;205 000;206 900;202 700;216 100;226 300;243 900;244 400;244 000;269 800;272 600;260 800;279 700;274 000;288 000;298 300;310 100;334 700;325 300;342 500;372 900;346 400
Total - Secondary;382 500;397 300;408 800;417 700;438 900;488 400;475 400;470 600;493 300;501 900;496 900;511 700;528 300;516 300;503 300;487 800;529 800;535 500;555 800;566 400;490 600;510 900;499 800;501 200;502 500;519 200;500 400;488 800;511 200
25 - 29 Years;110 800;95 400;92 700;81 500;84 500;78 700;80 200;78 200;69 300;72 800;60 100;64 300;56 700;48 400;45 300;39 000;42 000;39 800;37 100;40 100;29 700;28 400;23 700;23 300;21 500;19 600;20 300;18 300;20 600
30 - 34 Years;101 100;102 400;104 000;99 400;100 400;103 100;99 000;92 600;92 400;89 500;76 200;81 800;79 200;75 500;64 600;56 500;57 700;54 800;48 900;49 500;37 300;34 400;31 400;32 800;27 700;28 100;25 500;23 900;24 200
35 - 39 Years;72 600;76 600;79 800;84 800;93 500;102 500;103 400;100 400;103 000;100 100;96 000;93 400;93 200;86 900;80 100;74 500;75 200;73 400;72 500;70 500;52 300;47 700;43 400;38 500;34 500;38 900;32 700;35 500;31 900
40 - 44 Years;47 400;58 800;62 300;68 900;69 700;85 400;80 500;79 300;90 100;90 600;94 000;97 900;102 100;97 300;91 700;88 200;89 100;89 900;87 300;88 600;67 300;66 300;66 000;57 700;51 200;54 600;49 800;46 000;41 200
45 - 49 Years;20 400;23 100;27 700;35 900;42 100;55 300;56 700;60 000;68 400;69 800;73 300;72 200;78 400;80 800;85 900;84 100;96 700;100 300;96 600;95 100;85 000;82 900;78 900;76 200;66 400;68 000;63 000;61 800;61 400
50 - 54 Years;13 000;17 500;17 800;19 500;19 500;24 800;21 900;25 800;35 500;38 900;47 300;53 700;57 300;57 400;62 100;66 200;73 300;73 700;86 100;87 700;82 300;89 700;85 400;87 600;88 000;85 500;82 000;74 000;78 000
55 - 59 Years;6 700;9 600;9 900;11 400;11 900;17 400;15 300;15 800;15 600;17 300;19 700;19 600;27 900;32 300;36 000;42 500;51 600;52 400;61 100;63 600;62 600;72 000;70 400;71 700;81 600;83 500;83 600;76 900;83 100
60 - 64 Years;3 900;5 900;6 200;7 300;6 900;8 700;8 000;7 500;8 500;10 900;13 300;13 500;15 200;17 500;16 900;17 200;19 000;23 800;32 700;36 200;40 800;48 000;53 500;56 200;63 700;68 500;65 700;64 900;71 900
65 Years & Over;6 600;8 000;8 300;8 900;10 400;12 500;10 400;11 000;10 500;12 000;16 800;15 400;18 200;20 100;20 600;19 500;25 200;27 300;33 400;35 200;33 300;41 500;46 900;57 200;68 000;72 600;78 000;87 600;98 900
Total - Post Secondary (Non-Tertiary);76 700;100 400;108 500;111 600;120 000;146 100;127 300;129 300;132 100;135 900;185 300;139 400;145 500;146 600;146 200;210 700;152 100;154 500;159 200;144 200;244 800;230 300;239 400;232 400;238 000;250 500;249 800;253 500;260 700
25 - 29 Years;18 300;24 000;25 500;24 800;28 300;32 800;28 000;28 500;25 900;25 400;33 500;21 900;18 900;17 400;16 300;24 100;15 800;18 500;17 100;14 000;29 700;24 500;24 700;23 200;23 300;25 200;26 200;24 400;24 700
30 - 34 Years;20 600;23 800;23 300;22 700;23 800;29 000;23 600;24 900;24 800;25 200;34 700;27 300;28 000;25 700;23 600;33 300;21 700;19 000;15 100;12 700;27 800;23 700;22 400;22 000;23 700;22 000;23 100;23 500;22 900
35 - 39 Years;16 000;19 000;19 700;20 700;22 400;28 200;22 400;22 300;24 100;23 600;30 000;22 400;25 900;23 900;24 200;36 400;25 600;25 100;25 100;21 100;38 000;32 400;27 500;22 200;22 200;26 000;21 800;22 700;24 300
40 - 44 Years;10 400;13 400;16 000;18 300;15 800;20 700;19 700;19 900;21 600;20 900;29 600;23 200;23 200;22 600;21 600;33 500;22 600;22 300;25 300;20 400;36 300;34 100;34 000;34 400;31 400;32 400;28 600;28 300;25 700
45 - 49 Years;4 500;6 900;9 200;9 800;11 600;14 800;13 900;15 000;15 400;15 700;22 400;17 300;19 900;21 000;22 700;31 100;21 200;22 500;23 600;21 800;32 600;32 600;35 200;31 800;30 800;34 100;34 100;33 800;33 700
50 - 54 Years;3 000;6 400;7 600;7 100;7 600;7 900;7 300;7 900;8 900;10 400;16 200;13 300;12 800;13 200;15 000;23 000;16 900;18 300;20 300;19 200;30 900;29 900;34 700;33 800;34 800;33 900;32 000;32 600;34 800
55 - 59 Years;1 600;3 100;3 300;3 700;4 900;6 100;6 500;6 100;5 800;6 800;8 100;5 900;7 200;10 100;11 300;14 300;12 300;12 500;13 700;15 000;22 100;23 600;27 000;28 400;29 100;29 800;32 500;29 300;33 400
60 - 64 Years;900;1 500;1 900;1 800;2 200;2 800;3 000;2 400;2 900;4 200;5 500;4 500;5 300;5 900;4 900;6 500;6 600;6 900;7 900;9 200;13 500;14 200;16 700;17 400;19 200;22 500;24 800;26 900;26 600
65 Years & Over;1 500;2 200;1 900;2 700;3 400;3 700;2 900;2 500;2 800;3 600;5 300;3 600;4 300;6 700;6 600;8 400;9 500;9 400;11 000;10 700;13 900;15 400;17 200;19 200;23 500;24 600;26 700;32 100;34 800
Total - Diploma & Professional Qualification;59 100;67 200;79 700;83 800;95 100;108 800;121 600;133 300;151 600;163 800;202 300;189 700;196 600;216 500;231 200;267 800;261 100;278 700;295 100;314 900;342 400;352 300;364 600;372 600;401 800;405 500;411 500;415 900;434 900
25 - 29 Years;18 200;21 100;25 100;27 200;28 300;32 500;35 200;39 800;43 200;46 100;54 500;53 200;53 900;58 500;59 600;64 000;62 500;64 400;60 000;63 700;63 700;59 900;59 400;55 500;59 100;59 700;62 600;61 200;61 400
30 - 34 Years;14 400;17 000;19 900;18 000;23 100;24 800;27 000;31 700;37 000;39 300;44 400;42 700;44 600;47 400;51 800;58 400;54 800;58 500;61 100;61 500;66 900;66 500;63 000;63 100;66 300;62 300;58 700;55 400;56 900
35 - 39 Years;9 700;10 000;12 700;14 100;16 300;21 000;20 700;22 400;24 400;28 800;35 500;35 100;33 700;37 300;39 300;46 100;45 500;49 300;54 200;56 900;62 200;60 500;63 900;66 200;66 700;66 500;65 700;67 700;68 200
40 - 44 Years;6 900;7 700;8 400;9 800;10 500;12 400;14 300;15 400;19 900;20 200;26 600;22 000;24 400;25 700;28 600;35 200;34 300;37 500;39 000;42 900;48 000;50 000;54 100;55 900;59 500;62 500;63 200;66 600;68 900
45 - 49 Years;3 900;4 600;5 300;5 300;6 600;8 700;10 400;10 800;12 000;12 000;17 100;16 100;16 400;19 200;20 900;26 100;25 100;29 100;31 100;34 700;36 200;40 200;44 100;44 500;48 100;50 700;49 900;56 100;56 500
50 - 54 Years;2 900;3 200;3 800;4 300;4 300;4 300;5 500;6 000;7 100;7 200;11 500;10 300;10 600;13 300;13 300;16 100;15 500;17 200;20 800;23 600;27 000;32 000;31 400;33 400;36 700;39 000;41 000;39 200;42 400
55 - 59 Years;1 600;1 700;2 000;2 100;2 800;3 000;4 000;3 500;3 900;4 600;5 700;4 700;6 500;7 500;8 300;10 700;10 800;11 300;12 800;12 200;17 300;19 000;21 100;23 700;26 700;27 800;28 300;28 800;33 400
60 - 64 Years;700;900;1 200;1 700;1 600;1 100;1 900;1 900;2 400;3 000;3 800;2 700;3 600;4 000;4 200;5 300;5 900;6 300;7 900;9 400;11 100;11 500;12 800;15 500;17 800;17 000;19 700;18 000;20 900
65 Years & Over;800;1 100;1 200;1 400;1 600;1 000;2 500;1 700;1 900;2 500;3 100;2 800;3 100;3 800;5 100;5 900;6 600;5 000;8 100;10 000;10 100;12 600;14 900;14 900;20 900;20 000;22 400;23 000;26 300
Total - University;77 000;88 200;105 400;121 400;132 500;140 800;172 700;194 800;220 300;237 900;249 900;288 900;323 500;367 700;396 900;404 600;471 900;492 100;532 200;568 900;610 000;638 600;674 400;729 700;758 100;775 800;814 200;874 000;908 700
25 - 29 Years;22 700;26 800;30 700;35 300;37 700;39 500;46 500;52 500;56 900;64 200;66 800;70 200;75 100;82 800;84 100;87 500;91 100;88 200;98 600;104 500;114 300;105 500;105 600;111 800;117 800;118 900;134 400;130 800;136 300
30 - 34 Years;18 400;19 200;24 900;27 100;30 500;34 700;43 800;47 400;50 200;59 700;62 500;71 500;81 600;91 800;95 300;101 500;111 500;122 400;122 300;131 600;136 500;136 100;138 500;142 900;145 100;144 100;148 400;148 500;149 100
35 - 39 Years;13 900;15 600;17 700;20 400;23 200;24 800;29 000;33 500;42 500;42 000;46 900;57 300;67 000;73 700;76 800;80 300;96 000;102 800;112 200;118 000;126 600;134 400;137 000;143 400;143 200;148 900;148 100;161 200;162 000
40 - 44 Years;9 800;11 800;12 800;15 200;15 700;17 500;22 300;24 900;27 900;28 300;29 600;36 400;40 100;46 600;58 600;57 600;67 800;70 900;80 400;84 100;88 100;99 900;110 700;119 700;123 300;130 100;130 000;146 900;149 200
45 - 49 Years;5 100;6 100;7 800;10 000;10 300;11 300;13 700;17 900;19 200;18 700;19 000;22 700;26 200;31 600;34 300;32 600;43 200;42 900;51 500;54 700;60 400;69 000;73 800;83 800;91 000;89 400;99 000;114 400;118 400
50 - 54 Years;3 500;4 400;5 600;5 900;6 300;5 400;6 500;8 800;10 200;11 600;12 100;15 700;17 000;19 000;20 000;21 100;27 200;28 100;29 200;33 200;35 500;38 900;46 000;54 600;56 500;61 300;65 000;71 400;79 200
55 - 59 Years;1 700;1 900;3 200;3 600;4 200;3 500;5 600;5 100;5 800;6 300;5 900;6 700;7 600;10 200;13 900;11 800;16 800;17 800;18 400;19 700;22 300;23 300;28 500;34 400;34 100;36 600;38 600;43 900;48 700
60 - 64 Years;800;1 100;1 200;1 800;2 300;1 800;2 100;2 400;4 100;3 100;3 700;4 400;4 800;6 200;6 300;5 800;8 100;9 400;9 200;11 100;13 500;15 300;17 500;21 000;22 700;22 000;22 600;25 100;30 900
65 Years & Over;1 100;1 300;1 600;2 100;2 300;2 300;3 400;2 300;3 500;3 900;3 300;4 000;4 200;5 700;7 500;6 600;10 400;9 400;10 500;11 900;12 700;16 300;16 800;18 200;24 500;24 500;27 900;31 900;35 000
Total Males;810 800;831 400;854 700;875 400;894 200;916 600;939 100;964 600;981 600;1 009 300;1 012 700;1 031 200;1 067 300;1 096 200;1 107 000;1 117 600;1 164 000;1 178 800;1 177 600;1 210 900;1 242 400;1 249 500;1 259 100;1 277 800;1 309 900;1 316 000;1 334 500;1 363 300;1 376 600
25 - 29 Years;142 000;136 500;134 300;128 500;126 100;118 600;112 400;118 700;113 800;117 100;118 700;113 100;108 000;107 200;108 500;111 900;106 400;107 800;106 900;113 400;118 200;110 900;107 400;105 600;113 100;111 100;122 300;118 400;121 600
30 - 34 Years;149 100;145 000;148 800;139 100;143 300;144 100;144 700;143 500;139 100;144 100;136 000;132 200;131 000;135 000;133 300;136 300;130 900;135 900;126 000;131 700;136 800;130 400;126 500;128 800;129 300;126 800;125 900;122 400;124 800
35 - 39 Years;128 700;132 200;132 200;138 900;146 400;151 700;154 000;152 300;154 100;157 400;156 300;157 500;159 800;152 300;141 600;146 200;144 700;148 800;148 100;144 300;152 800;147 100;142 900;141 400;139 200;140 500;138 200;144 300;141 800
40 - 44 Years;103 200;112 000;115 500;125 800;125 000;134 100;140 500;143 900;148 900;149 700;152 900;156 500;158 900;158 600;163 000;161 700;159 300;156 400;153 300;154 100;148 100;143 500;147 900;147 500;146 800;151 300;143 800;154 800;151 500
45 - 49 Years;64 200;66 400;76 700;88 700;96 300;105 100;118 900;123 600;126 500;125 700;128 700;135 800;140 300;148 000;152 500;150 600;161 800;159 400;160 100;158 400;159 300;160 200;157 800;155 500;144 500;146 500;144 600;151 000;151 100
50 - 54 Years;59 100;68 300;71 300;70 700;69 900;66 600;66 200;78 600;85 000;93 200;102 400;114 000;120 600;122 300;127 400;128 300;141 400;142 400;144 700;148 200;151 900;154 000;154 700;156 600;155 600;159 300;158 600;153 600;156 900
55 - 59 Years;49 700;54 000;54 700;55 100;57 600;60 200;63 500;64 700;65 600;65 100;61 900;59 100;73 600;85 400;94 900;99 600;113 300;116 800;115 300;117 800;127 200;132 300;136 500;138 700;146 700;148 800;148 300;142 700;150 000
60 - 64 Years;40 900;45 500;45 900;47 200;47 700;47 500;47 100;48 900;49 300;54 200;53 500;58 400;60 800;64 100;62 800;59 000;63 700;69 600;79 500;88 000;96 500;104 400;109 900;115 400;122 900;123 400;130 200;128 400;133 400
65 Years & Over;73 800;71 600;75 300;81 500;81 800;88 700;91 800;90 400;99 200;102 800;102 200;104 600;114 300;123 200;123 200;124 100;142 400;141 800;143 700;155 100;151 500;166 800;175 400;188 200;211 900;208 300;222 600;247 700;245 400
Total Males - Below Secondary;491 800;486 100;484 900;486 700;480 600;445 800;474 900;478 000;468 800;475 500;422 300;451 200;457 600;461 600;453 500;413 300;449 800;448 900;401 400;409 700;388 600;378 900;368 000;360 600;363 400;345 100;349 400;349 000;320 000
25 - 29 Years;60 400;56 800;52 300;46 400;41 200;28 600;24 300;22 600;21 900;18 700;16 200;15 100;13 400;11 700;11 500;9 300;8 700;9 700;7 500;7 400;4 800;5 600;4 600;4 100;5 600;4 400;4 400;3 300;3 900
30 - 34 Years;71 500;65 100;63 500;58 700;57 600;49 500;52 100;47 700;41 800;39 200;29 200;24 300;20 200;20 400;19 200;15 500;15 500;15 200;10 800;10 000;8 100;7 100;7 500;6 000;4 900;5 700;4 700;4 300;3 400
35 - 39 Years;67 400;68 500;66 200;68 200;66 800;60 400;67 200;60 900;56 000;58 000;50 300;52 900;48 400;40 700;32 800;28 300;25 000;24 600;18 000;17 700;14 900;12 000;11 100;11 200;8 800;8 000;8 000;7 100;6 300
40 - 44 Years;60 500;61 500;61 000;63 400;63 700;58 900;65 900;70 100;68 500;69 400;60 300;65 200;61 600;60 900;59 700;50 600;53 200;46 800;37 300;34 700;28 500;21 100;19 400;17 000;16 600;15 200;11 800;13 200;11 900
45 - 49 Years;43 200;42 300;46 900;52 500;54 800;54 000;64 500;64 800;62 000;64 200;56 800;67 400;67 000;68 600;69 200;60 900;68 100;63 200;57 000;54 900;51 200;46 200;41 100;36 100;27 300;26 900;23 200;19 500;16 300
50 - 54 Years;44 200;47 800;48 600;47 300;46 300;40 600;41 600;48 700;48 700;55 100;52 300;60 100;64 000;66 000;65 400;58 400;69 200;70 600;64 700;64 700;61 800;59 000;55 500;51 900;49 300;47 600;49 700;43 800;38 400
55 - 59 Years;41 500;42 700;42 200;41 100;42 000;40 900;43 500;45 400;45 600;42 800;37 700;36 100;46 000;50 600;55 100;54 500;59 900;64 700;55 300;56 300;59 200;60 300;58 500;57 300;61 400;57 800;54 100;53 300;47 700
60 - 64 Years;36 500;38 900;38 100;38 200;38 100;37 600;37 200;39 300;38 200;40 600;36 700;42 600;42 800;43 200;42 600;37 600;40 500;44 000;46 200;51 100;52 000;53 600;51 800;53 100;55 400;53 500;59 200;57 300;56 200
65 Years & Over;66 600;62 400;66 200;70 800;69 800;75 300;78 600;78 400;86 100;87 500;82 700;87 600;94 300;99 400;98 100;98 200;109 600;110 100;104 600;113 000;108 000;114 000;118 400;124 100;133 900;125 900;134 400;147 100;136 000
Total Males - Secondary;190 700;192 000;193 400;200 300;208 100;242 200;224 700;222 300;228 900;232 100;240 900;235 400;240 800;234 400;232 400;230 900;238 200;237 700;248 200;261 700;222 400;225 900;217 900;220 700;217 000;227 400;218 600;216 900;225 500
25 - 29 Years;50 100;41 200;37 300;34 200;34 900;34 800;33 600;34 000;30 000;31 600;28 200;28 200;24 600;22 100;21 500;18 700;19 600;18 200;17 400;21 400;14 900;14 400;11 400;11 700;10 400;9 000;9 900;8 900;10 600
30 - 34 Years;47 200;46 600;46 900;43 700;42 900;47 000;41 800;38 100;37 500;37 600;32 700;34 300;33 100;29 600;27 600;25 400;22 300;23 500;19 800;21 500;17 100;15 400;13 200;15 000;12 900;11 700;11 200;10 600;10 700
35 - 39 Years;36 100;35 800;35 700;37 500;42 100;48 900;45 100;46 500;46 500;46 200;43 600;38 700;40 100;35 300;32 000;32 100;30 000;30 100;29 100;29 800;23 100;20 000;18 100;16 300;14 500;16 000;14 200;15 700;14 700
40 - 44 Years;24 800;28 600;30 100;34 700;34 700;42 700;39 200;37 100;39 500;39 800;44 400;44 200;44 200;43 500;40 200;40 100;36 400;36 200;34 900;38 100;27 000;25 400;26 400;23 000;20 800;22 700;19 200;18 200;17 400
45 - 49 Years;11 900;12 400;15 000;19 500;22 300;29 200;30 200;30 400;34 700;32 300;36 400;33 800;34 800;36 600;39 200;38 000;42 500;42 600;42 400;40 700;35 600;34 700;30 200;30 600;25 200;27 600;25 200;26 400;25 600
50 - 54 Years;8 400;10 900;11 000;11 600;11 400;14 500;12 500;14 500;19 600;19 100;25 100;27 300;29 800;27 500;31 000;32 600;34 800;35 100;37 700;39 600;36 000;36 600;35 300;38 200;34 700;35 500;33 100;30 800;29 900
55 - 59 Years;4 700;6 600;6 600;7 400;7 700;10 500;9 300;9 300;9 100;10 500;11 300;11 200;13 800;16 700;18 000;21 600;27 400;24 600;30 000;32 200;29 300;31 500;32 100;29 700;34 300;36 000;37 200;32 600;37 300
60 - 64 Years;2 700;4 300;4 400;5 300;5 100;6 000;5 400;4 800;4 900;6 700;8 200;8 100;8 700;9 800;10 000;9 700;10 100;11 100;17 200;18 500;20 000;23 800;26 400;26 000;29 600;30 700;29 700;28 500;30 500
65 Years & Over;4 800;5 700;6 200;6 300;7 100;8 600;7 600;7 600;7 200;8 200;11 100;9 600;11 700;13 100;12 700;12 700;15 200;16 200;19 700;19 900;19 300;24 100;24 800;30 300;34 600;38 300;38 900;45 300;48 900
Total Males - Post Secondary (Non-Tertiary);40 000;50 300;55 200;55 800;60 700;73 400;62 200;61 300;60 900;63 700;93 600;71 700;74 900;73 800;72 800;107 900;78 100;79 300;87 600;71 400;132 200;127 500;132 100;127 700;130 200;137 300;139 300;135 400;143 100
25 - 29 Years;7 800;10 400;11 400;11 200;12 400;14 900;12 200;12 000;10 900;11 400;16 300;11 200;10 400;9 500;9 500;13 900;9 300;11 800;11 100;8 800;17 700;15 900;15 100;13 900;14 900;16 200;16 900;16 100;14 600
30 - 34 Years;9 500;9 500;9 700;9 200;9 900;12 800;9 900;10 300;10 400;11 200;15 800;13 000;13 400;12 300;10 600;15 800;12 200;9 900;9 000;6 900;15 100;13 500;12 800;13 100;13 300;12 200;14 500;13 700;12 600
35 - 39 Years;8 900;9 800;10 300;9 800;10 900;13 200;10 100;9 400;9 700;9 200;14 500;11 200;12 100;9 900;11 100;17 200;11 400;12 300;13 300;9 300;19 100;16 600;14 700;11 800;12 200;14 200;12 400;11 600;14 300
40 - 44 Years;6 200;7 600;9 000;10 200;8 900;11 500;10 800;9 400;9 800;9 200;14 200;10 300;10 800;9 800;10 300;15 800;10 200;10 400;12 200;9 400;18 300;16 900;17 100;17 200;16 200;16 100;15 200;14 400;13 800
45 - 49 Years;2 900;4 300;5 500;5 900;7 000;8 100;7 700;8 400;8 000;8 300;11 900;9 200;10 000;11 000;10 100;15 500;9 400;9 600;11 800;8 500;17 000;16 500;17 700;17 200;15 700;16 200;16 700;16 500;17 200
50 - 54 Years;2 000;3 900;4 700;4 200;4 600;4 800;4 300;4 800;4 700;5 800;9 100;7 800;7 300;7 400;8 200;13 000;8 700;8 700;10 300;8 300;16 000;15 500;17 500;17 000;18 600;17 900;16 800;16 100;18 500
55 - 59 Years;1 100;2 200;2 000;2 300;2 900;3 900;3 700;3 700;3 600;3 800;5 000;3 900;4 400;5 800;6 400;8 400;6 800;7 200;8 400;8 200;12 500;13 800;15 800;15 400;14 000;16 100;16 900;13 700;17 100
60 - 64 Years;600;1 000;1 600;1 300;1 700;1 700;1 600;1 500;1 700;2 600;3 300;2 800;3 400;3 900;3 000;3 900;4 000;4 000;4 600;4 900;8 000;9 100;10 500;10 500;11 800;13 900;14 200;15 100;15 200
65 Years & Over;1 000;1 600;1 100;1 800;2 400;2 400;1 900;1 700;2 100;2 300;3 600;2 500;3 000;4 400;3 600;4 500;6 000;5 500;6 900;6 900;8 400;9 500;10 900;11 500;13 600;14 500;15 700;18 200;19 900
Total Males - Diploma & Professional Qualification;40 100;46 100;52 800;55 800;61 900;68 600;73 600;83 800;90 300;94 200;111 100;105 200;110 500;117 200;124 300;141 400;138 700;147 200;154 500;165 800;177 300;186 100;187 400;189 200;203 600;205 300;211 800;208 500;219 500
25 - 29 Years;11 800;13 900;16 000;17 100;17 200;19 100;19 300;22 300;22 500;22 800;26 300;25 500;27 000;27 100;28 900;31 200;30 600;32 300;27 900;31 700;31 200;30 700;30 900;28 000;31 500;29 700;33 700;31 500;32 200
30 - 34 Years;10 000;11 900;13 900;11 800;15 200;14 800;15 900;19 800;21 100;21 200;22 900;21 400;21 800;22 900;25 000;27 500;26 000;27 300;28 900;31 200;32 000;33 100;29 900;30 900;31 200;29 900;27 200;26 800;28 100
35 - 39 Years;7 100;7 100;8 600;9 700;11 300;13 600;13 600;14 600;14 900;17 900;19 700;20 400;19 400;21 400;21 100;22 700;23 600;24 400;27 100;26 500;29 400;29 300;30 600;31 000;31 100;31 200;32 100;33 300;30 900
40 - 44 Years;4 800;5 800;5 800;7 200;7 300;8 900;9 400;11 000;13 000;13 200;15 700;13 700;15 700;15 800;16 700;20 000;18 900;20 200;20 600;21 100;24 200;25 300;24 700;25 000;26 800;28 000;29 700;31 100;32 700
45 - 49 Years;2 600;2 900;3 500;3 700;4 600;5 800;7 000;7 400;8 600;7 900;10 900;10 600;11 400;12 100;13 000;15 600;14 900;17 700;18 400;20 700;19 500;21 600;23 600;21 700;23 700;25 600;24 400;25 700;26 900
50 - 54 Years;1 900;2 100;2 500;3 300;2 900;2 900;3 300;4 000;4 700;4 500;7 300;6 900;7 200;8 600;8 800;10 200;10 300;10 800;13 100;14 500;15 900;19 100;17 500;17 700;20 400;20 500;21 800;20 300;22 100
55 - 59 Years;1 100;1 200;1 300;1 300;1 700;2 200;2 700;2 500;2 700;3 200;3 700;3 100;3 900;5 000;5 200;6 800;7 200;7 600;9 100;7 900;11 400;12 100;12 500;14 500;15 700;16 100;16 400;14 800;17 300
60 - 64 Years;500;600;700;1 000;1 000;700;1 300;1 200;1 400;1 900;2 500;1 800;2 400;2 400;2 500;3 500;3 400;3 800;4 700;5 600;7 200;7 400;8 500;11 000;10 700;11 200;12 000;10 900;12 600
65 Years & Over;400;700;500;800;700;600;1 200;1 000;1 200;1 600;2 200;1 700;1 800;2 000;3 100;3 800;3 700;3 100;4 800;6 600;6 500;7 600;9 100;9 200;12 600;13 100;14 500;14 300;16 600
Total Males - University;48 100;56 900;68 400;76 800;82 900;86 500;103 600;119 300;132 900;143 800;144 800;167 700;183 500;209 100;224 000;224 200;259 300;265 700;285 900;302 400;321 900;331 300;353 700;379 700;395 700;401 000;415 500;453 400;468 400
25 - 29 Years;11 800;14 200;17 300;19 500;20 300;21 100;23 000;27 800;28 500;32 500;31 800;33 200;32 600;36 800;37 100;38 800;38 200;35 800;43 100;44 100;49 600;44 300;45 400;47 900;50 700;51 800;57 500;58 600;60 300
30 - 34 Years;11 000;11 800;14 800;15 700;17 700;20 000;25 000;27 600;28 400;34 900;35 400;39 300;42 500;49 800;51 000;52 100;55 000;60 000;57 600;62 100;64 400;61 200;63 100;63 800;66 900;67 300;68 300;67 000;70 100
35 - 39 Years;9 200;10 900;11 400;13 700;15 300;15 400;18 100;20 800;27 000;26 200;28 100;34 200;39 800;44 900;44 600;45 900;54 800;57 400;60 500;60 900;66 200;69 200;68 300;71 200;72 600;71 100;71 500;76 600;75 700
40 - 44 Years;6 900;8 500;9 600;10 300;10 500;12 100;15 100;16 300;18 100;18 100;18 400;23 100;26 700;28 700;36 000;35 200;40 500;42 700;48 200;50 800;50 100;54 800;60 200;65 300;66 400;69 400;67 900;77 900;75 700
45 - 49 Years;3 700;4 500;5 800;7 100;7 600;8 100;9 500;12 600;13 200;13 000;12 700;14 900;17 100;19 700;20 900;20 700;26 800;26 300;30 500;33 500;36 000;41 300;45 200;50 100;52 700;50 200;55 200;63 000;65 200
50 - 54 Years;2 700;3 500;4 600;4 300;4 700;3 800;4 500;6 600;7 300;8 700;8 700;11 900;12 300;12 800;14 000;14 100;18 400;17 300;19 100;21 200;22 200;23 800;28 900;31 800;32 500;37 800;37 300;42 600;48 000
55 - 59 Years;1 300;1 400;2 500;3 000;3 300;2 700;4 200;3 800;4 600;4 800;4 300;4 800;5 600;7 300;10 100;8 400;12 000;12 700;12 500;13 300;14 800;14 600;17 600;21 800;21 200;22 800;23 700;28 300;30 600
60 - 64 Years;700;800;1 100;1 500;1 800;1 500;1 700;2 000;3 100;2 300;2 800;3 100;3 600;4 700;4 700;4 200;5 700;6 700;6 800;7 900;9 300;10 500;12 700;14 700;15 400;14 100;15 100;16 700;18 900
65 Years & Over;900;1 200;1 300;1 800;1 800;1 800;2 600;1 800;2 700;3 200;2 600;3 200;3 400;4 300;5 700;4 900;7 900;6 900;7 700;8 700;9 200;11 600;12 300;13 200;17 200;16 600;19 000;22 700;24 100
Total Females;811 500;847 800;875 900;892 900;922 600;944 300;977 300;1 005 200;1 039 100;1 058 000;1 061 300;1 095 700;1 131 500;1 166 900;1 175 300;1 190 900;1 244 600;1 269 600;1 263 700;1 312 000;1 333 600;1 352 400;1 367 300;1 391 400;1 422 700;1 434 900;1 460 600;1 482 600;1 500 500
25 - 29 Years;139 400;135 600;137 100;126 800;130 000;121 300;128 300;129 700;128 300;134 400;131 800;129 700;125 400;125 200;121 500;123 800;124 700;124 000;121 100;124 400;131 200;120 000;115 800;118 100;118 600;121 700;130 700;124 000;130 100
30 - 34 Years;143 500;143 300;143 500;144 300;147 700;148 300;153 600;149 500;150 900;149 400;143 500;145 700;150 000;152 200;148 300;151 700;151 100;152 100;146 900;148 500;152 600;149 700;145 200;145 700;147 600;143 100;142 300;140 000;138 900
35 - 39 Years;123 900;127 700;134 500;139 400;145 100;149 600;151 800;151 200;153 600;152 500;154 400;161 300;160 300;156 200;150 800;156 500;153 900;155 500;159 800;168 700;164 500;159 800;159 400;156 100;148 700;159 700;150 700;161 400;161 600
40 - 44 Years;100 700;114 500;116 600;123 000;123 300;130 300;138 200;142 200;150 600;150 500;151 600;155 200;155 000;156 100;159 500;157 700;162 500;161 200;161 100;157 800;155 400;158 900;162 900;162 800;158 300;164 100;160 300;165 200;161 600
45 - 49 Years;63 300;71 300;78 400;87 000;94 100;106 200;115 100;120 900;125 700;126 100;128 100;132 100;141 200;145 800;150 400;149 700;160 800;165 000;155 900;160 600;160 300;161 500;161 400;159 600;154 000;154 900;156 500;162 600;162 100
50 - 54 Years;58 400;68 000;73 600;71 200;72 300;66 200;64 700;76 300;86 400;92 900;102 500;109 400;114 500;121 000;123 100;128 500;134 600;142 500;145 300;150 200;151 700;155 500;158 500;162 300;162 800;160 100;163 100;154 100;159 700
55 - 59 Years;50 100;53 100;53 600;58 600;61 200;61 600;64 300;68 300;66 500;66 800;63 100;61 800;76 400;85 100;95 500;101 600;110 700;113 000;112 800;115 500;125 600;135 000;135 600;141 500;149 800;147 900;151 200;142 200;148 900
60 - 64 Years;41 900;44 000;47 300;47 900;48 300;49 700;48 500;50 200;52 700;59 200;57 200;63 100;66 900;68 300;65 100;61 100;67 200;74 500;80 800;94 100;99 800;105 000;109 800;114 000;123 300;124 800;131 200;133 300;141 400
65 Years & Over;90 300;90 100;91 200;94 700;100 700;111 300;112 800;116 900;124 400;126 200;129 100;137 300;141 800;156 900;161 000;160 300;179 100;181 900;180 000;192 300;192 500;206 900;218 700;231 300;259 600;258 700;274 700;299 800;296 000
Total Females - Below Secondary;535 200;540 100;543 400;547 300;549 700;531 000;544 400;563 700;554 700;552 400;517 300;545 900;547 300;554 300;551 400;524 400;543 900;538 700;497 600;518 900;499 600;491 000;480 100;472 700;468 700;454 900;469 900;464 700;441 500
25 - 29 Years;51 000;47 900;45 100;40 100;36 100;27 800;26 400;26 800;25 000;24 300;19 400;18 100;15 600;13 700;13 300;11 700;11 000;11 100;7 700;8 100;7 300;7 000;5 200;5 900;4 400;4 900;5 100;4 200;4 800
30 - 34 Years;66 600;60 700;56 600;57 500;55 500;51 300;52 700;48 800;43 800;40 500;32 500;30 400;27 400;26 400;27 100;22 700;20 900;18 000;14 600;14 900;12 600;12 300;8 800;7 900;9 200;7 700;7 800;6 800;7 300
35 - 39 Years;73 000;70 200;70 700;70 200;69 300;64 200;63 100;63 900;57 800;57 400;51 900;57 800;51 900;45 900;39 200;37 100;31 400;29 100;25 800;28 700;23 300;19 900;19 400;16 100;12 600;12 000;12 600;11 600;10 700
40 - 44 Years;68 900;73 200;71 600;73 100;72 800;69 600;76 100;76 500;71 500;70 900;64 400;67 000;62 400;61 600;62 200;54 300;54 800;50 200;45 000;41 200;35 300;31 000;26 600;25 700;23 100;20 600;20 700;19 100;16 300
45 - 49 Years;50 500;54 900;58 200;62 300;65 000;67 200;74 800;76 000;75 300;71 300;68 000;72 200;73 700;72 600;69 900;65 500;68 300;66 500;56 100;57 700;54 300;50 800;46 100;42 700;35 000;32 500;31 900;28 100;27 000
50 - 54 Years;50 900;57 000;61 500;57 900;58 200;49 800;48 200;57 600;61 100;62 900;65 500;70 200;73 500;74 400;74 700;71 900;73 900;76 800;69 000;70 200;66 000;60 200;60 200;57 600;53 000;52 100;52 100;46 800;43 800
55 - 59 Years;46 700;48 100;47 700;51 700;53 000;50 800;52 800;57 100;55 400;54 100;47 900;47 900;54 900;59 600;65 600;67 600;72 500;70 900;66 900;66 500;69 400;69 000;66 500;64 600;63 500;61 100;62 300;52 800;52 700
60 - 64 Years;40 100;41 300;44 700;44 300;44 900;45 100;43 600;45 600;45 900;51 600;47 700;53 800;56 000;55 600;53 100;47 600;50 800;53 600;56 300;65 000;65 500;66 800;67 300;66 200;67 300;64 600;69 400;69 400;68 400
65 Years & Over;87 500;86 800;87 400;90 300;94 900;105 200;106 800;111 500;118 800;119 500;120 000;128 500;132 000;144 500;146 300;145 800;160 300;162 500;156 200;166 600;165 900;174 000;180 000;186 000;200 700;199 400;208 000;225 800;210 500
Total Females - Secondary;191 800;205 300;215 400;217 400;230 800;246 200;250 700;248 300;264 400;269 800;255 900;276 300;287 500;281 900;270 900;256 800;291 600;297 800;307 700;304 800;268 300;285 100;281 900;280 600;285 500;291 800;281 800;271 900;285 600
25 - 29 Years;60 700;54 300;55 300;47 300;49 600;43 800;46 600;44 200;39 300;41 100;31 900;36 100;32 000;26 300;23 800;20 300;22 500;21 600;19 700;18 700;14 800;14 000;12 300;11 600;11 100;10 600;10 400;9 400;10 000
30 - 34 Years;54 000;55 800;57 100;55 700;57 600;56 100;57 300;54 400;55 000;51 900;43 500;47 600;46 100;45 900;37 000;31 100;35 400;31 300;29 200;28 000;20 200;19 000;18 200;17 800;14 800;16 500;14 300;13 200;13 500
35 - 39 Years;36 500;40 800;44 100;47 400;51 400;53 600;58 300;54 000;56 500;53 900;52 500;54 700;53 100;51 600;48 100;42 400;45 200;43 300;43 400;40 600;29 200;27 800;25 300;22 200;20 000;22 900;18 500;19 700;17 200
40 - 44 Years;22 600;30 200;32 200;34 200;35 000;42 700;41 200;42 100;50 600;50 800;49 700;53 700;58 000;53 800;51 500;48 100;52 700;53 700;52 400;50 500;40 300;40 900;39 600;34 800;30 500;31 900;30 600;27 700;23 700
45 - 49 Years;8 500;10 700;12 700;16 400;19 800;26 100;26 400;29 700;33 700;37 500;36 900;38 400;43 600;44 200;46 700;46 100;54 100;57 600;54 300;54 400;49 300;48 300;48 700;45 700;41 100;40 300;37 800;35 400;35 900
50 - 54 Years;4 600;6 600;6 800;7 900;8 100;10 200;9 400;11 400;15 900;19 800;22 200;26 400;27 500;29 900;31 100;33 600;38 500;38 700;48 400;48 100;46 300;53 100;50 200;49 400;53 300;50 000;48 900;43 200;48 100
55 - 59 Years;2 000;3 000;3 300;4 000;4 200;6 900;6 000;6 500;6 500;6 800;8 400;8 400;14 100;15 600;18 000;20 900;24 200;27 900;31 100;31 400;33 300;40 600;38 400;42 000;47 200;47 500;46 400;44 300;45 800
60 - 64 Years;1 100;1 600;1 700;2 000;1 800;2 800;2 600;2 700;3 600;4 200;5 100;5 300;6 500;7 700;6 900;7 400;8 900;12 700;15 500;17 600;20 700;24 200;27 200;30 200;34 100;37 800;36 000;36 500;41 400
65 Years & Over;1 800;2 300;2 100;2 500;3 400;3 900;2 900;3 400;3 300;3 800;5 700;5 800;6 500;7 000;7 800;6 800;10 000;11 000;13 700;15 300;14 000;17 400;22 000;27 000;33 400;34 300;39 000;42 300;50 000
Total Females - Post Secondary (Non-Tertiary);36 700;50 100;53 200;55 700;59 300;72 700;65 100;68 000;71 200;72 100;91 800;67 700;70 600;72 800;73 400;102 800;74 000;75 300;71 600;72 800;112 600;102 900;107 300;104 700;107 800;113 200;110 600;118 200;117 600
25 - 29 Years;10 500;13 600;14 100;13 600;15 900;17 900;15 800;16 500;14 900;14 000;17 300;10 700;8 500;7 900;6 800;10 300;6 500;6 700;6 100;5 200;12 000;8 600;9 600;9 300;8 400;9 000;9 400;8 400;10 100
30 - 34 Years;11 100;14 300;13 600;13 500;13 900;16 200;13 700;14 600;14 300;14 000;18 900;14 300;14 600;13 400;13 000;17 500;9 500;9 100;6 100;5 800;12 700;10 100;9 600;8 800;10 300;9 800;8 600;9 800;10 300
35 - 39 Years;7 100;9 200;9 500;10 800;11 500;14 900;12 300;12 800;14 400;14 500;15 500;11 200;13 800;14 000;13 100;19 200;14 200;12 800;11 800;11 800;18 900;15 700;12 700;10 400;10 000;11 700;9 400;11 100;10 000
40 - 44 Years;4 200;5 800;7 000;8 200;6 900;9 200;8 900;10 500;11 900;11 700;15 400;12 900;12 400;12 900;11 300;17 700;12 400;11 900;13 100;11 000;18 000;17 200;16 900;17 200;15 200;16 300;13 400;13 900;11 900
45 - 49 Years;1 600;2 600;3 700;3 900;4 500;6 800;6 200;6 600;7 400;7 400;10 600;8 100;9 900;10 100;12 600;15 600;11 700;12 900;11 800;13 300;15 600;16 200;17 600;14 600;15 200;17 900;17 400;17 300;16 500
50 - 54 Years;1 000;2 500;2 900;2 900;3 000;3 100;3 000;3 100;4 200;4 600;7 100;5 600;5 500;5 800;6 800;10 100;8 200;9 700;10 000;10 800;14 900;14 300;17 100;16 800;16 200;16 000;15 200;16 500;16 200
55 - 59 Years;500;900;1 200;1 400;2 000;2 200;2 800;2 300;2 200;3 000;3 100;2 000;2 800;4 400;4 900;5 900;5 500;5 300;5 300;6 800;9 600;9 800;11 200;13 000;15 100;13 700;15 600;15 500;16 200
60 - 64 Years;300;500;300;500;500;1 100;1 400;900;1 200;1 500;2 200;1 700;1 900;2 000;1 900;2 700;2 600;3 000;3 400;4 300;5 500;5 100;6 200;6 900;7 500;8 600;10 600;11 900;11 400
65 Years & Over;400;600;800;900;1 000;1 300;1 000;800;700;1 400;1 700;1 100;1 300;2 300;3 000;3 900;3 500;3 900;4 100;3 800;5 500;5 800;6 300;7 600;9 900;10 100;11 000;13 900;14 900
Total Females - Diploma & Professional Qualification;18 900;21 000;26 900;28 000;33 200;40 200;48 000;49 500;61 400;69 600;91 200;84 500;86 100;99 300;106 900;126 400;122 400;131 500;140 500;149 100;165 100;166 100;177 300;183 400;198 200;200 200;199 700;207 300;215 400
25 - 29 Years;6 400;7 300;9 200;10 000;11 100;13 400;16 000;17 500;20 600;23 200;28 200;27 700;26 900;31 300;30 700;32 800;31 900;32 100;32 100;32 000;32 400;29 200;28 500;27 400;27 600;30 000;28 900;29 700;29 200
30 - 34 Years;4 400;5 100;6 000;6 200;7 900;10 000;11 200;12 000;15 900;18 100;21 500;21 300;22 800;24 500;26 900;30 900;28 800;31 300;32 300;30 200;34 900;33 400;33 100;32 100;35 100;32 400;31 500;28 600;28 700
35 - 39 Years;2 600;2 800;4 100;4 400;5 000;7 400;7 200;7 800;9 400;10 900;15 700;14 600;14 300;15 900;18 200;23 400;21 900;24 900;27 100;30 400;32 800;31 300;33 300;35 200;35 600;35 300;33 600;34 400;37 300
40 - 44 Years;2 100;1 900;2 600;2 600;3 200;3 500;4 800;4 400;6 800;7 000;10 900;8 300;8 800;9 900;11 800;15 200;15 400;17 300;18 400;21 800;23 800;24 700;29 400;30 800;32 700;34 500;33 600;35 500;36 200
45 - 49 Years;1 300;1 700;1 800;1 500;2 000;2 900;3 500;3 400;3 300;4 100;6 200;5 500;5 000;7 100;8 000;10 500;10 200;11 400;12 800;14 000;16 700;18 600;20 500;22 800;24 400;25 100;25 500;30 400;29 600
50 - 54 Years;1 000;1 100;1 400;1 000;1 400;1 400;2 200;2 000;2 300;2 800;4 300;3 400;3 300;4 700;4 500;5 900;5 200;6 500;7 800;9 100;11 100;12 900;13 900;15 700;16 400;18 400;19 200;18 900;20 300
55 - 59 Years;600;500;700;800;1 100;800;1 300;1 000;1 200;1 400;2 100;1 600;2 600;2 600;3 100;3 900;3 600;3 700;3 700;4 300;5 800;6 900;8 600;9 200;11 000;11 700;11 900;14 000;16 100
60 - 64 Years;300;300;500;700;600;400;500;700;1 000;1 200;1 300;900;1 200;1 500;1 700;1 800;2 500;2 500;3 200;3 800;3 900;4 100;4 200;4 500;7 100;5 800;7 700;7 100;8 200
65 Years & Over;300;300;700;600;900;300;1 400;700;700;900;1 000;1 100;1 300;1 800;2 000;2 100;2 900;1 900;3 200;3 400;3 600;5 000;5 800;5 600;8 300;6 900;7 800;8 600;9 700
Total Females - University;28 900;31 400;37 100;44 500;49 600;54 300;69 100;75 500;87 500;94 100;105 100;121 200;140 000;158 600;172 800;180 500;212 700;226 300;246 300;266 400;288 100;307 300;320 700;350 000;362 400;374 800;398 700;420 500;440 400
25 - 29 Years;10 900;12 600;13 400;15 800;17 300;18 400;23 500;24 700;28 400;31 700;35 000;37 000;42 500;46 000;47 000;48 800;52 800;52 500;55 500;60 400;64 700;61 200;60 200;63 900;67 100;67 200;76 900;72 200;76 000
30 - 34 Years;7 400;7 400;10 100;11 500;12 800;14 700;18 800;19 800;21 800;24 800;27 100;32 200;39 100;42 000;44 300;49 400;56 500;62 500;64 700;69 500;72 100;74 900;75 400;79 100;78 200;76 800;80 200;81 500;79 000
35 - 39 Years;4 700;4 700;6 200;6 600;7 900;9 400;11 000;12 700;15 400;15 900;18 800;23 000;27 200;28 800;32 200;34 400;41 200;45 400;51 700;57 100;60 400;65 200;68 700;72 200;70 500;77 700;76 600;84 600;86 300
40 - 44 Years;3 000;3 400;3 200;4 900;5 300;5 400;7 200;8 600;9 900;10 200;11 200;13 300;13 400;18 000;22 700;22 400;27 300;28 100;32 200;33 300;38 000;45 100;50 500;54 400;56 900;60 800;62 100;68 900;73 500
45 - 49 Years;1 400;1 600;1 900;2 900;2 700;3 200;4 200;5 300;6 000;5 700;6 400;7 800;9 000;11 900;13 300;11 900;16 400;16 600;21 000;21 200;24 400;27 700;28 600;33 800;38 300;39 100;43 800;51 400;53 200
50 - 54 Years;800;900;1 000;1 600;1 600;1 700;2 000;2 200;2 900;2 900;3 400;3 900;4 700;6 200;6 000;7 000;8 800;10 800;10 200;12 000;13 300;15 000;17 100;22 800;23 900;23 600;27 800;28 700;31 300
55 - 59 Years;300;500;800;600;1 000;800;1 300;1 400;1 200;1 500;1 600;1 900;2 000;2 900;3 800;3 400;4 800;5 100;5 800;6 400;7 500;8 700;11 000;12 700;12 900;13 900;14 900;15 600;18 100
60 - 64 Years;200;300;100;300;500;300;400;400;900;800;900;1 300;1 200;1 400;1 600;1 600;2 300;2 700;2 400;3 300;4 200;4 800;4 800;6 200;7 300;7 900;7 600;8 400;12 000
65 Years & Over;200;100;300;300;500;500;800;500;900;700;800;800;800;1 400;1 900;1 700;2 500;2 600;2 800;3 300;3 500;4 700;4 500;5 000;7 200;8 000;8 900;9 200;10 900
;;;;;;;;;;;;;;;;;;;;;;;;;;;;;
Data pertain to residents who are not attending educational institutions as full-time students.  The data include those who are upgrading their qualifications through part-time courses while working.;;;;;;;;;;;;;;;;;;;;;;;;;;;;;
;;;;;;;;;;;;;;;;;;;;;;;;;;;;;
SOURCE: SINGAPORE DEPARTMENT OF STATISTICS;;;;;;;;;;;;;;;;;;;;;;;;;;;;;
;;;;;;;;;;;;;;;;;;;;;;;;;;;;;
;;;;;;;;;;;;;;;;;;;;;;;;;;;;;
;;;;;;;;;;;;;;;;;;;;;;;;;;;;;
;;;;;;;;;;;;;;;;;;;;;;;;;;;;;
;;;;;;;;;;;;;;;;;;;;;;;;;;;;;
;;;;;;;;;;;;;;;;;;;;;;;;;;;;;
;;;;;;;;;;;;;;;;;;;;;;;;;;;;;
;;;;;;;;;;;;;;;;;;;;;;;;;;;;;
;;;;;;;;;;;;;;;;;;;;;;;;;;;;;
Generated by: SingStat Table Builder ;;;;;;;;;;;;;;;;;;;;;;;;;;;;;
Date generated: 30/01/2020;;;;;;;;;;;;;;;;;;;;;;;;;;;;;
Contact: info@singstat.gov.sg ;;;;;;;;;;;;;;;;;;;;;;;;;;;;;